[
    {
        "image": "assets/Diamond.png",
        "name": "diamond"
    },
    {
        "image": "assets/Earings.png",
        "name": "earings"
    },
    {
        "image": "assets/Emerald.png",
        "name": "emerald"
    },
    {
        "image": "assets/Gold2.png",
        "name": "gold"
    },
    {
        "image": "assets/KingCrown.png",
        "name": "kingCrown"
    },
    {
        "image": "assets/Necklace.png",
        "name": "necklace"
    },
    {
        "image": "assets/QueenCrown.png",
        "name": "queenCrown"
    },
    {
        "image": "assets/Ruby.png",
        "name": "ruby"
    },
    {
        "image": "assets/Sapphire.png",
        "name": "sapphire"
    },
    {
        "image": "assets/Scepter.png",
        "name": "scepter"
    },
    {
        "image": "assets/Silver.png",
        "name": "silver"
    },
    {
        "image": "assets/Watch.png",
        "name": "watch"
    }
]